Open,0.714,0.7836,0.92261,0.86543,0.86155,0.87529,0.9201,0.79363,0.84528,0.80677,0.86262,0.86835,0.83149,0.83399,0.85994,0.88176,0.88962,0.90168,0.86411,0.82612
High,0.788,0.93679,0.924,0.91624,0.88726,0.96663,0.92626,0.8485,0.86248,0.8894,0.91,0.87679,0.84411,0.86842,0.89472,0.9339,0.931,0.9187,0.8668,0.8463
Low,0.7035,0.78203,0.807,0.83838,0.845,0.86698,0.4901,0.76078,0.80252,0.8015,0.82367,0.81638,0.7812,0.82415,0.8376,0.85806,0.8885,0.84067,0.796,0.7905
Close,0.7839,0.9226,0.86514,0.86222,0.87389,0.92099,0.79578,0.84598,0.80607,0.86161,0.86852,0.83149,0.83354,0.8598,0.88178,0.88953,0.901,0.86411,0.82623,0.80636
Volume,58413630.0,158034450.0,106859300.0,65787416.0,48853624.0,120315850.0,146108340.0,74857260.0,51037932.0,49121212.0,49652080.0,38894108.0,44413760.0,33761804.0,55079990.0,68514630.0,41276120.0,41992530.0,48468540.0,34726544.0
Open,0.67806,0.68467,0.728,0.72602,0.69008,0.70758,0.65799,0.67652,0.67487,0.69897,0.67513,0.63728,0.59038,0.62902,0.60529,0.60867,0.60481,0.54692,0.60081,0.60045
High,0.71056,0.74787,0.75,0.75,0.70943,0.71222,0.68385,0.69117,0.7064,0.70309,0.67682,0.64417,0.63763,0.63382,0.62626,0.61249,0.607,0.60975,0.62839,0.62142
Low,0.62655,0.66212,0.68597,0.6805,0.657,0.64972,0.6454,0.65952,0.66728,0.66765,0.63501,0.5749,0.57501,0.59301,0.59729,0.59654,0.54535,0.54403,0.583,0.58971
Close,0.68293,0.72752,0.72695,0.68955,0.70755,0.65857,0.67653,0.67476,0.69896,0.67499,0.63767,0.58953,0.62904,0.60553,0.60872,0.60407,0.54717,0.60015,0.60053,0.611
Volume,69741576.0,47799870.0,67606230.0,39497972.0,32816294.0,33341776.0,41288532.0,23762446.0,25366374.0,21330146.0,25851498.0,77136200.0,55023508.0,43499260.0,20132328.0,20228538.0,47194212.0,45770428.0,33763536.0,29087476.0
Open,0.68845,0.65565,0.67437,0.67419,0.67718,0.6738,0.65688,0.58053,0.59822,0.55625,0.52941,0.55712,0.53298,0.53274,0.52568,0.53949,0.54929,0.54006,0.53422,0.48128
High,0.70503,0.68538,0.6832,0.68883,0.67978,0.68015,0.65688,0.60066,0.59823,0.562,0.56849,0.56,0.53833,0.54112,0.55116,0.561,0.55061,0.54965,0.53509,0.49605
Low,0.63381,0.63221,0.655,0.66946,0.65865,0.655,0.55046,0.55821,0.54207,0.50374,0.51884,0.52778,0.518,0.5212,0.50374,0.534,0.5224,0.53006,0.46902,0.47298
Close,0.65466,0.67436,0.67439,0.67771,0.67382,0.65687,0.58053,0.59823,0.55661,0.52947,0.55713,0.53344,0.53199,0.52602,0.5392,0.54921,0.53962,0.53423,0.48133,0.48995
Volume,42885360.0,30928368.0,21869784.0,20823444.0,17320478.0,11064287.0,62432964.0,27822898.0,33772190.0,47544976.0,44822856.0,26309686.0,24395824.0,12048724.0,34604416.0,19582502.0,17863452.0,11378400.0,53063520.0,18689402.0
Open,0.47691,0.4445,0.45462,0.44869,0.44502,0.45766,0.4592,0.44945,0.45566,0.45828,0.45316,0.44599,0.43566,0.44643,0.43027,0.44047,0.42959,0.43483,0.41286,0.37801
High,0.47691,0.45907,0.46302,0.4645,0.47068,0.46893,0.47025,0.46044,0.45927,0.4589,0.4563,0.4461,0.4631,0.44872,0.446,0.4452,0.43744,0.43707,0.4157,0.37819
Low,0.4303,0.43415,0.44628,0.44173,0.438,0.45185,0.447,0.44472,0.44803,0.45042,0.43444,0.42713,0.42577,0.42995,0.42523,0.42777,0.42709,0.40261,0.37434,0.31921
Close,0.4445,0.45462,0.4488,0.44502,0.45756,0.45932,0.44946,0.4554,0.45856,0.45312,0.44598,0.4355,0.44638,0.43031,0.4403,0.4296,0.43482,0.41279,0.37801,0.33226
Volume,31476624.0,10594105.0,10764147.0,19066358.0,28490558.0,17163172.0,16599703.0,13177967.0,7815808.5,6910213.0,16666420.0,15588517.0,30981192.0,12475255.0,20053328.0,10971036.0,9920422.0,29388162.0,48742184.0,104456330.0
Open,0.2979,0.29533,0.27422,0.27279,0.28011,0.29177,0.36749,0.3286,0.34144,0.31494,0.33409,0.31762,0.32565,0.32677,0.32727,0.3227,0.33907,0.3509,0.34468,0.3348
High,0.30976,0.30998,0.27756,0.3021,0.30317,0.37418,0.371,0.3522,0.35086,0.33831,0.35713,0.32948,0.33094,0.33241,0.32849,0.34016,0.357,0.355,0.3465,0.34108
Low,0.29412,0.27087,0.24653,0.27279,0.27558,0.29072,0.31315,0.318,0.31314,0.31304,0.31027,0.31513,0.31541,0.32181,0.3181,0.32141,0.33453,0.3381,0.323,0.3273
Close,0.29556,0.27421,0.27279,0.28049,0.2918,0.36723,0.32841,0.34093,0.31502,0.33391,0.31776,0.32565,0.3269,0.32722,0.32271,0.339,0.35089,0.34468,0.3348,0.33498
Volume,23473910.0,35087750.0,48344976.0,58759044.0,37441964.0,77887740.0,70901460.0,53220370.0,56065210.0,40716660.0,65803040.0,45038544.0,36766924.0,11456956.0,13053797.0,42922020.0,63793330.0,43671640.0,38802636.0,24106862.0
Open,0.51322,0.54301,0.54,0.56951,0.5818,0.57779,0.51733,0.52858,0.52887,0.52092,0.48881,0.48274,0.49306,0.48171,0.4665,0.38288,0.42041,0.4225,0.40956,0.4608
High,0.55571,0.55243,0.5973,0.62435,0.60588,0.581,0.53954,0.5496,0.533,0.52547,0.49091,0.50203,0.49365,0.48181,0.46658,0.44889,0.43163,0.43,0.525,0.48815
Low,0.50671,0.51227,0.523,0.55879,0.53117,0.51,0.50673,0.52565,0.51042,0.46998,0.46772,0.47924,0.46921,0.46208,0.37763,0.37795,0.41695,0.39928,0.39822,0.45474
Close,0.54333,0.54002,0.5691,0.58199,0.57785,0.51733,0.52841,0.52882,0.52065,0.48881,0.48275,0.49328,0.48185,0.46648,0.38324,0.42041,0.4225,0.40942,0.4605,0.4842
Volume,106348230.0,101603304.0,128707130.0,147196980.0,185598940.0,96107020.0,98793390.0,51481064.0,65427700.0,82445360.0,48312908.0,55226960.0,36664810.0,34381510.0,150927650.0,122613950.0,30923572.0,41097948.0,180022900.0,54029570.0
Open,0.46062,0.46743,0.46451,0.4617,0.4696,0.46392,0.46407,0.46658,0.4599,0.4643,0.4456,0.44727,0.4543,0.46105,0.4625,0.4573,0.47008,0.5014,0.55507,0.54086
High,0.47261,0.47809,0.46815,0.48534,0.4781,0.47288,0.47075,0.4672,0.468,0.4652,0.45346,0.46127,0.46115,0.46792,0.46455,0.47854,0.50576,0.57,0.55544,0.5463
Low,0.45617,0.463,0.45538,0.44447,0.4611,0.45745,0.45831,0.45655,0.45822,0.43513,0.44388,0.43774,0.4501,0.459,0.45525,0.44929,0.46412,0.50116,0.52837,0.4935
Close,0.46803,0.4647,0.46132,0.4696,0.46392,0.4635,0.46658,0.46052,0.464,0.44564,0.44726,0.45382,0.46105,0.46266,0.4569,0.47008,0.5014,0.5548,0.54083,0.49684
Volume,20208916.0,19725150.0,18516746.0,57316990.0,33501296.0,34153796.0,25157518.0,21253580.0,15055712.0,43363108.0,20701302.0,30899400.0,19145022.0,28502176.0,12583530.0,37351148.0,63846844.0,147164540.0,47493510.0,69379256.0
Open,0.35421,0.3389,0.31079,0.3057,0.31059,0.31725,0.3074,0.304,0.31275,0.30407,0.29382,0.29032,0.29296,0.33809,0.36182,0.35794,0.38781,0.36663,0.37273,0.37999
High,0.3558,0.34811,0.3196,0.34078,0.3295,0.32178,0.31901,0.31858,0.31386,0.30549,0.29717,0.30484,0.34895,0.36183,0.4062,0.40181,0.39865,0.37694,0.39652,0.46669
Low,0.33792,0.3065,0.29225,0.29408,0.30476,0.3002,0.299,0.30195,0.30032,0.28804,0.28534,0.29031,0.29073,0.33151,0.35343,0.353,0.36,0.35534,0.37056,0.3797
Close,0.33953,0.31065,0.30582,0.31073,0.31697,0.3075,0.30391,0.31293,0.30409,0.29382,0.29043,0.29307,0.33814,0.36182,0.35786,0.38736,0.36663,0.37303,0.37995,0.4137
Volume,46786700.0,62948776.0,68179490.0,54779490.0,29363794.0,24915210.0,22703624.0,19910422.0,20675428.0,27974722.0,15518325.0,20959202.0,52871710.0,51656490.0,91922936.0,73044780.0,51975370.0,27752918.0,40646656.0,123504536.0
Open,0.34773,0.38982,0.37546,0.38237,0.36131,0.3772,0.38694,0.3677,0.36856,0.361,0.3768,0.3734,0.37429,0.37601,0.33631,0.33599,0.33568,0.32164,0.33961,0.33123
High,0.3959,0.39958,0.38268,0.38961,0.37736,0.39307,0.3876,0.37434,0.37823,0.38498,0.38608,0.3825,0.3799,0.405,0.34495,0.341,0.341,0.34788,0.34312,0.34188
Low,0.34288,0.37001,0.36847,0.35616,0.35778,0.36967,0.36359,0.3584,0.35014,0.35442,0.36812,0.36656,0.36361,0.32303,0.33018,0.3322,0.31819,0.32121,0.32623,0.3289
Close,0.38982,0.37556,0.38236,0.36131,0.37719,0.38683,0.36734,0.36855,0.3611,0.3768,0.37349,0.37428,0.37601,0.33603,0.33597,0.33568,0.32183,0.3397,0.33123,0.33318
Volume,46366980.0,39992748.0,24299170.0,42825092.0,23748034.0,26745684.0,18152384.0,20900046.0,28771292.0,34540244.0,17252576.0,25054244.0,26263150.0,83589210.0,16100660.0,9832978.0,20726848.0,27503200.0,17906290.0,13985688.0
Open,0.3354,0.32141,0.3223,0.3236,0.32026,0.32314,0.31943,0.3185,0.31,0.2976,0.29238,0.32742,0.31582,0.31253,0.31583,0.3057,0.30148,0.3037,0.2939,0.295
High,0.33797,0.3271,0.32708,0.32586,0.32612,0.32467,0.32529,0.31919,0.31159,0.2997,0.33298,0.3428,0.31741,0.31884,0.31768,0.30939,0.30604,0.30462,0.29896,0.3259
Low,0.31545,0.31726,0.31,0.318,0.318,0.31445,0.3185,0.30688,0.28625,0.28524,0.28955,0.30809,0.3008,0.30743,0.30115,0.29816,0.29918,0.291,0.29381,0.29266
Close,0.32131,0.32213,0.324,0.32046,0.3231,0.31949,0.3185,0.31019,0.2977,0.29254,0.32745,0.31544,0.31253,0.3157,0.3059,0.30148,0.3034,0.29389,0.29497,0.31746
Volume,22763020.0,10982174.0,18991136.0,8917700.0,10401775.0,8894688.0,8655511.0,13372613.0,31193342.0,17910868.0,49330596.0,49070360.0,26083292.0,18111858.0,18787098.0,12609727.0,8865284.0,16115222.0,8770055.0,35702296.0
Open,1061.6,1047.7,1046.1,1113.5,1245.5,1174.3,1076.9,1119.8,1035.5,923.77,972.1,825.2,697.62,781.98,751.27,813.41,878.01,851.66,810.45,866.45
High,1102.4,1078.6,1125.4,1265.0,1260.0,1183.0,1128.8,1179.4,1039.1,999.0,972.8,858.6,799.0,848.99,847.0,883.46,909.04,854.99,876.61,869.28
Low,1023.1,983.0,1031.4,1108.9,1154.5,1041.0,1025.0,985.0,768.0,845.0,771.0,641.01,565.54,716.3,749.69,780.53,815.0,778.47,810.18,821.11
Close,1048.2,1046.9,1113.9,1245.5,1174.3,1076.9,1120.0,1035.0,923.13,972.1,825.3,698.62,782.99,752.88,813.11,878.01,851.03,810.46,866.4,839.83
Volume,162053.5,138706.75,105775.28,189342.7,139630.83,246828.77,136714.86,285589.4,520780.56,211353.88,340168.03,547559.1,790355.8,416880.12,236095.22,182418.45,165702.84,146897.05,130220.05,130395.93
Open,937.38,973.29,913.19,939.18,883.92,837.8,802.85,852.18,831.52,839.38,867.76,871.42,851.25,869.23,854.5,855.3,866.06,848.13,814.44,749.21
High,973.97,979.0,955.99,959.0,903.33,869.78,881.2,873.0,848.49,881.97,895.0,888.61,886.54,879.37,869.0,868.26,870.0,850.0,824.24,770.0
Low,933.11,901.0,907.28,874.12,815.29,788.0,787.0,808.17,816.01,830.33,862.0,850.7,845.2,849.11,852.28,834.46,847.62,803.07,725.0,688.0
Close,973.28,913.13,939.19,883.91,837.79,802.85,852.56,831.51,838.71,867.76,871.73,851.26,869.24,854.5,855.29,866.06,848.13,814.45,749.2,697.3
Volume,124697.69,183921.58,118326.12,150207.73,220171.84,180630.9,162839.94,147408.33,101298.48,136579.33,93670.266,93593.234,90095.375,58052.66,40499.715,45124.152,55235.47,89396.89,174359.3,146739.7
Open,719.85,696.51,688.5,610.92,609.9,598.77,548.57,536.72,555.0,556.38,558.83,539.2,543.86,518.8,522.41,485.21,448.2,445.37,384.11,393.08
High,739.85,714.3,702.41,620.0,626.39,609.84,562.2,558.53,567.3,590.11,578.18,544.28,546.36,537.0,525.37,491.5,465.62,448.0,411.43,418.79
Low,676.11,676.6,585.04,568.29,583.6,542.17,452.32,513.52,516.08,544.49,514.0,504.58,517.85,512.87,466.63,446.0,438.69,379.6,364.65,389.0
Close,696.52,688.49,610.91,609.9,598.77,548.82,536.73,554.99,556.38,558.78,539.19,543.85,518.8,522.41,485.2,448.22,445.49,384.1,393.08,393.37
Volume,123601.97,131807.97,205411.75,223868.62,133513.14,141331.9,661848.4,346871.22,226632.38,166074.4,140280.92,166154.4,92897.945,66874.84,178164.05,267227.8,132185.1,389069.72,445836.03,225876.97
Open,661.18,643.49,683.03,689.93,670.64,671.06,688.0,779.39,785.52,819.68,793.79,752.2,747.93,751.86,723.38,677.99,683.45,728.83,727.41,705.07
High,687.28,700.0,700.0,694.88,677.77,692.0,790.0,808.79,830.0,838.0,797.98,775.49,760.41,768.47,736.55,690.92,740.16,742.72,739.3,710.0
Low,640.7,640.25,663.31,663.42,627.42,662.67,686.97,760.55,780.8,754.8,685.18,720.33,710.0,722.12,666.0,637.12,668.25,684.36,694.76,645.0
Close,643.49,683.27,689.93,670.35,671.01,688.0,779.39,785.52,819.69,793.79,752.14,747.94,751.86,723.38,677.99,683.32,728.78,727.41,705.06,706.57
Volume,231494.02,185218.64,161273.27,165372.08,221037.44,167649.33,383795.66,253568.7,193980.6,235835.12,662607.56,240759.39,191078.36,174191.52,348059.34,267236.8,205651.02,287324.88,174369.36,182210.11
Open,696.2,715.11,696.13,640.0,576.9,602.52,584.39,585.6,569.0,512.0,567.27,557.0,577.0,579.24,590.44,619.39,591.09,608.71,606.66,605.39
High,722.6421,720.0,698.11,649.49,608.88,615.8,609.88,592.35,574.0,573.86,585.44,586.78,590.0,601.42,628.99,625.04,613.91,612.49,617.16,608.71
Low,687.42,685.94,638.27,564.03,538.97,567.45,577.93,553.0,492.5,509.98,541.9,552.72,563.73,573.39,590.0,580.0,575.68854,591.76,597.42,590.0
Close,715.5,696.13,640.0,576.89,602.52,584.42,585.6,569.0,511.98,566.98,557.01,577.0,579.24,590.44,619.4,591.09,608.71,606.67,605.39,599.9
Volume,116416.91,84900.1,202881.22,418731.34,415429.6,251313.42,135381.84,266253.03,484567.25,329835.88,198938.16,187929.97,153830.89,149629.8,126884.125,158619.48,117161.57,100342.15,106714.1,77892.39
Open,467.47,467.52,470.36,486.71,486.09,471.56,432.44,445.15,430.99,432.16,433.5,449.9,479.09,499.11,478.96,468.63,449.13,460.74,457.99,449.52
High,478.58,476.44,492.7305,496.36,487.89,473.09,447.12823,445.75,442.3,439.86,455.22,481.0,511.67,515.28,484.36,469.94,468.9,471.88,470.6,484.52
Low,458.26328,449.77,461.85,482.0,468.61,426.84,424.69,417.8,424.41,427.82,431.19,445.13,465.14,469.17,462.64,439.52,441.37,455.0,446.0,448.62
Close,467.52,470.37,486.72,486.1,471.55,432.44,445.14,431.0,432.17,433.5,449.9,479.1,499.11,478.97,468.64,449.13,460.74,457.99,449.59827,479.33
Volume,189642.62,133889.58,119610.125,109837.445,111260.06,254329.08,112403.445,136880.89,104054.03,71137.305,82150.8,205385.1,190927.66,194019.77,139452.42,170205.42,99660.98,65205.656,158254.81,166841.84
Open,470.24,469.14,466.3,456.63,432.17,420.07,410.9,417.66,406.99,408.66,404.88,377.82,355.63,363.27,331.84,317.85,318.16,283.92,278.39,281.34
High,471.7,472.6,469.93,458.21,437.21,424.68,420.0,419.0,413.65,413.98,410.73,380.61,370.39,365.75,332.7,327.93,323.54633,283.95,304.99,299.01
Low,461.34,461.393,446.67,427.4,407.75,407.51,397.84,400.82,399.0,401.0,368.0,346.35,350.83,326.01,305.0,314.13,280.8,249.93,277.0,278.0
Close,469.25,466.47,456.65,431.98,420.03,410.89,417.72,407.0,408.75,404.95,377.82,355.62,363.27,331.65,317.84,318.16,283.92,278.38,281.27,286.92
Volume,44451.71,42392.375,133397.23,149052.72,182067.53,78955.47,148123.7,107277.0,89015.91,45616.992,190732.16,307746.97,129478.25,170085.16,231939.95,123158.48,320341.0,441709.6,386126.34,195509.73
Open,185.17465,183.17,211.09,208.49,221.48,220.18,196.03,208.36,209.83,225.0,247.81,240.99,244.7,227.84113,219.25,214.26,229.24,221.92,231.52,232.96
High,185.17465,215.19,224.21,228.08,223.7,226.77,222.0,215.83,230.0,252.0,255.0,249.68958,245.9,227.85,223.0,235.2,234.19,239.46,239.46,235.75
Low,167.3211,183.17,202.95,208.33,203.0,192.5,193.88,196.0,207.0,221.23,232.98,236.95,225.01,202.32,207.31,209.96,214.68,212.39,226.0,224.0
Close,183.17,211.09,208.49,221.48,220.16,196.03,208.36,209.83,225.0,247.8,241.0,244.7,227.85,219.26,214.24,229.29,221.92,231.52,232.86,231.49
Volume,744844.9,856245.0,825121.44,454144.44,376096.38,968799.6,596607.8,630770.25,455866.4,712207.4,346303.72,248223.62,402802.25,692661.25,412757.22,377359.9,484492.4,478576.7,312460.34,180635.78
Open,222.37,228.5444,225.31,226.29,230.20395,228.58,226.7,191.17,197.02,201.22,196.75,214.31,215.13,212.8,206.07,204.92,208.17,207.28116,206.56,205.89912
High,233.48,229.31,227.76,234.9,231.66566,228.68,226.7,201.82,203.0,203.7,242.62,219.43,217.07,215.0,207.88,209.98,212.0,208.86,208.0,208.0
Low,219.34415,222.6,220.49,224.2,226.71207,223.3,188.35,189.5,196.56,194.01,194.49,211.39,209.66,203.53,203.69,203.58,206.31,205.01126,202.53,205.05
Close,228.54,225.31,226.28,230.20395,228.58,226.7,191.16,197.02,201.23,196.75,214.31,215.12,212.83,206.08,204.93,208.16,207.29,206.56,205.89912,205.23
Volume,201606.23,106611.625,102616.664,247534.66,109442.5,152915.66,657718.6,292020.44,134531.88,166127.36,967343.56,136361.19,105799.2,187517.27,136359.45,90809.8,87016.23,74557.375,116461.16,83367.23
Open,204.23,205.01,196.9,197.33,198.7,199.86,202.23,200.3,212.3,210.82603,220.84,218.99,212.71,211.01,213.19,212.99725,212.67761,209.85,187.2,184.15
High,205.77,205.49,199.0,201.89,200.99,204.29,202.49,218.92,213.83849,221.57,225.12,220.76,215.48,217.45,213.7,215.0,213.36,211.4,190.0,185.17
Low,203.74,195.16,195.89,193.04,198.04701,199.66,196.5,198.86,207.83,209.18,217.28,212.0,209.05,210.52,206.28,210.58,208.73,175.01,171.36,171.83
Close,204.96667,196.91,197.33,198.7,199.81,202.22,200.3,212.3,210.83,220.83,218.98,212.70163,211.01,213.2,212.99,212.68,209.85,187.21,184.15,176.95
Volume,43305.31,173795.53,74821.68,128439.3,49984.402,101815.195,56750.133,246708.45,110806.5,199789.72,238845.61,107090.83,76541.58,67049.836,89782.2,92710.94,116036.484,859024.56,534880.94,301484.66
Open,91.833,87.901,85.193,85.74,86.601,97.249,104.09,102.38,118.37,111.32,120.49,133.76,142.46,133.0,134.6,118.58,142.14,140.33101,144.21,136.0
High,93.048,88.54806,86.698,91.461,100.39,105.77,110.9,120.7,122.66,121.0,138.94,163.5,143.5,141.65,136.0,143.9,153.0,145.25,144.5,148.15192
Low,85.944,83.666,83.17,85.573326,86.21167,94.498,101.64896,101.4,108.65,108.85,120.48,133.48,124.5,127.36,116.3,117.1,136.0,134.0,132.05,134.68
Close,87.901,85.198,85.74,86.56,97.25,104.08,102.41,118.47,111.1,120.49427,133.76,142.53484,132.99,134.58,118.57,142.15,140.33101,144.2,136.0,145.0
Volume,324648.22,320709.25,220428.36,307459.6,535822.94,446992.1,662715.8,808708.94,625199.44,353815.44,670300.7,1282427.8,860106.0,554950.56,686035.4,758746.1,685328.3,443216.0,378190.2,392621.5
Open,158.71,158.36,160.76,154.79,152.88,152.66234,129.52,128.76,127.39,117.94,131.45921,122.6,124.42,125.24,121.88,126.0,119.08,117.42,120.19,118.75893
High,167.0,165.86,162.59,158.09125,162.76,154.8,131.79,130.37,128.06,134.5,134.29,131.36,127.32,125.66,132.36,126.87,120.53,122.12,121.29,120.12
Low,155.0,152.59,153.0,146.0,151.0,125.71,124.43,126.1,116.1,117.79,119.29,121.38,119.34,120.16,121.87653,107.51,114.65,112.2,117.03,115.65
Close,158.32,160.84,154.79,152.86,152.65,129.5,128.73,127.41,117.94,131.45,122.6,124.36,125.25,121.82,126.01,119.1,117.5,120.19,118.76,119.05314
Volume,500826.3,507028.22,193398.33,394338.7,291789.53,684813.2,281137.06,142552.9,245786.6,380637.94,360220.5,300508.53,258914.72,146720.88,285043.72,370891.8,207936.02,298453.03,153142.55,181027.11
Open,146.61,151.36,148.30304,151.27,161.54,135.3,141.17,139.36,137.72,138.18,138.53,135.59,133.27646,128.39,140.03708,140.56958,140.03,136.19,140.04,138.19868
High,152.99,156.4,152.43,163.78,170.0,144.78,141.75,144.19,143.0,141.44,139.31,137.99,133.8874,141.0,143.83,143.3,143.0628,141.71,140.4,138.76
Low,143.6,145.0,146.1,148.75,134.59,134.96,136.22,128.8,136.0,137.81,132.63,130.4,125.88,127.74,136.5,138.32,131.0,135.37,136.5,133.46
Close,151.41,148.3,151.27,161.53746,135.2,141.21,139.37,137.71,138.17,138.5,135.59746,133.23,128.39,140.0,140.57,140.04,136.18,140.04,138.2,135.41228
Volume,315090.62,324665.16,349070.16,442932.8,880143.1,322418.7,140020.02,372477.6,327681.66,112400.5,179045.31,110320.336,217570.92,302894.16,236683.61,144044.55,254452.02,172797.25,102267.33,168750.17
Open,8357.4,8056.2,7888.9,8172.7,8273.6,8863.3,8912.4,8791.4,8940.3,9646.9,8867.4,9268.9,8920.1,9345.3,9400.0,9240.6,9071.3,9236.4,9759.0,9703.0
High,8415.5,8185.0,8237.2,8297.4,8937.5,9069.0,9048.2,9011.0,9745.0,9767.4,9308.0,9381.1,9500.0,9565.1,9450.0,9247.3,9279.9,9875.0,9848.0,9990.0
Low,7900.3,7823.0,7870.5,8032.2,8219.0,8616.0,8751.085,8769.0,8929.9,8765.1,8652.2,8888.6,8750.0,9180.0,9100.0,8817.975,8968.3,9161.0,9542.5,9685.0
Close,8056.2,7888.9,8171.0,8273.0,8865.4,8912.5,8791.4,8940.0,9646.8,8869.2,9269.9,8920.1,9345.7,9400.0,9240.6,9068.2,9236.4,9759.0,9703.0,9861.2
Volume,37556.906,28238.531,29561.232,29215.277,50910.49,39569.363,31444.63,23257.404,60351.438,74563.79,43219.824,30153.537,45082.684,27317.19,23272.441,25618.299,20183.068,36486.07,24541.758,29515.17
Open,9184.8,9318.2,9018.0,8412.4,8471.4,8683.5,8670.8,8468.3,8336.0,8054.8,8239.0,8230.9,8523.7,8393.4,7977.5,7494.7505,7576.7,7457.0,7328.3,7339.6
High,9375.8,9393.9,9018.1,8631.7,8760.0,8884.5,8855.7,8492.7,8482.2,8277.2,8468.0,8597.9,8644.0,8408.285,8020.0,7729.832,7654.1,7624.1,7425.4,7437.7
Low,8980.0,9003.0,8333.8,8204.406,8318.3,8271.0,8415.0,8100.0,7982.5,7925.0,8140.2,8171.5,8309.1,7943.3,7402.7,7260.0,7318.2,7281.0,7211.1,7062.3
Close,9318.2,9018.0,8412.4,8470.8,8683.6,8670.8,8467.5,8336.1,8054.3,8238.9,8231.0,8523.7,8399.6,7977.85,7494.8,7576.7,7456.7,7327.7,7339.7,7097.9
Volume,22806.838,23656.32,54491.37,36656.113,22901.027,37154.668,26208.303,32761.818,25198.754,23441.863,14145.516,15500.062,17243.428,20533.752,41682.566,38874.0,25874.777,13810.018,16174.927,26677.87
Open,7485.9,7521.1,7638.0,7718.1,7488.4,7622.2,7654.0,7689.0,7615.2,7498.5,6757.9,6873.4,6543.9,6295.0,6633.8,6386.0,6489.0,6443.0,6709.2,6734.8
High,7599.8,7698.8,7779.0,7764.0,7675.0,7700.0,7756.3,7697.0,7685.0,7498.6,6899.0,6873.4,6611.7,6736.521,6659.0,6559.7,6573.0,6849.7,6848.2,6825.0
Low,7329.1885,7441.5,7600.0,7451.1,7372.0,7491.7,7624.7,7543.6,7450.0,6618.9,6629.7,6436.1,6107.877,6269.5,6300.2,6330.0,6424.8,6370.7695,6655.0,6560.0
Close,7521.0,7638.1,7718.0,7488.3,7621.9,7654.0,7688.9,7615.1,7498.5,6758.0,6873.3,6543.9,6295.1,6633.7,6385.0,6485.9,6438.4,6709.2,6735.5,6760.4
Volume,19041.115,17363.613,13794.542,18132.682,16738.81,18269.764,11037.506,12197.843,7242.2603,57822.89,22377.742,32008.312,45577.582,33064.78,21286.5,13697.176,9441.017,26388.777,17375.77,18710.812
Open,6729.2,7319.8,7379.7,7473.5,7333.1,7403.3,7398.7,7718.9,8389.9,8175.6,7939.0,8187.9,8235.7,8220.1,8178.9,7737.9,7606.6,7533.3,7420.3,7013.216
High,7483.9,7588.0,7560.0,7685.2,7459.0,7575.0,7820.0,8506.7,8488.1,8323.1,8291.0,8262.0,8313.3,8301.729,8178.9,7756.1,7713.0,7533.3,7492.2,7090.0
Low,6666.0,7246.5,7281.4,7273.1,7221.0,7329.1,7374.0,7690.0,8073.0,7869.6,7815.085,8055.0,8123.0,7861.2,7664.8975,7440.2,7450.0,7282.1,6928.8,6890.0
Close,7319.8,7379.4,7473.5,7333.1,7403.4,7397.6,7719.8,8390.0,8178.4,7939.0,8188.0,8235.6,8221.0,8179.5,7731.3,7606.0,7535.2,7420.0,7013.216,7025.8
Volume,48125.168,39618.93,22194.191,32744.682,11412.432,17184.043,47517.73,64736.63,36972.152,32809.58,34223.95,13681.621,10190.341,37580.31,43560.68,30739.387,17682.629,30882.543,31690.264,17680.666
Open,6280.7,6533.6,6147.1,6233.1,6313.9,6251.9,6189.0,6270.2,6314.6,6585.9,6391.1,6485.1,6255.9,6480.6,6363.8,6527.2,6693.3,6733.0,6707.0,6909.5
High,6628.0,6573.8,6499.5,6499.0,6548.3,6251.9,6647.6,6476.7,6592.9,6619.5,6550.3,6524.0,6526.2,6899.0,6566.6357,6728.6,6799.7,6789.0,6942.2,7127.9
Low,6183.0,6010.0,6008.1,6162.0,6137.6,5858.6,6180.0054,6212.9,6290.0,6300.0,6309.3,6230.0,6245.0,6250.3,6350.0,6451.0,6670.0,6557.0,6652.7,6872.0
Close,6533.6,6146.7,6233.1,6313.9,6251.9,6189.0,6270.2,6315.6,6584.0464,6391.2,6485.1,6255.9,6479.1,6363.8,6527.2,6693.6,6732.9,6707.0,6909.4,7079.9
Volume,33388.96,43492.066,36859.25,23052.42,32330.834,52699.453,66221.76,25120.4,26770.078,19731.248,15354.061,31723.094,29502.963,58965.957,19945.672,20203.725,16877.246,16762.38,24210.367,30066.238
Open,6710.0303,6585.0,6442.71,6462.3,6691.4,6635.1,6597.2,6622.3,6602.0,6530.1,6503.1,6591.1,6639.9,6595.1,6609.4,6673.3,6663.0,6630.0,6251.9,6292.0
High,6721.7,6585.1,6558.0,6745.0,6826.4194,6635.1,6662.8,6660.0,6644.7,6555.1,6648.8,6741.4365,6648.2,6640.4,6730.0,6682.0,6663.1,6630.074,6353.4,6333.7
Low,6555.0,6328.0,6382.5,6436.7,6541.9,6454.2,6529.6,6500.0,6467.9,6424.6,6495.2,6506.6,6563.7,6525.0,6585.9,6605.0,6513.5293,6220.4,6220.3,6280.3
Close,6585.1,6442.8,6462.4,6691.2,6635.2,6597.3,6622.4,6601.9,6527.5,6503.2,6590.4,6639.9,6595.2,6609.4,6673.2,6663.0,6630.074,6251.9,6291.9,6326.5
Volume,17766.506,20238.002,13811.668,18368.033,27892.967,17305.627,8494.153,10358.012,12037.348,14574.474,11471.882,12447.964,5805.93,5815.8477,12698.954,8062.047,13830.606,41613.89,10404.901,5818.1514
Open,6754.2,6735.6,6613.3,6524.3,6586.7,6590.0537,6567.3,6550.0,6554.0967,6528.1,6531.5,6500.1,6490.1772,6346.571,6330.1,6368.4,6406.2,6427.0,6389.2,6491.8
High,6794.0,6779.9,6639.5,6611.0,6660.8,6627.9,6591.6,6626.3,6568.7,6597.4,6560.0,6513.884,6512.0,6383.6,6419.8,6443.9,6456.1,6432.4,6529.4,6500.6
Low,6674.3,6566.7,6518.2,6511.0,6581.2,6535.1,6525.3,6536.0,6462.9,6511.0,6476.9,6451.0,6320.8,6302.0,6242.1,6352.9023,6389.9,6323.0,6357.9,6435.3
Close,6736.0,6613.2,6525.1,6581.5,6590.9,6567.3,6550.0,6554.1,6528.0,6531.477,6500.2,6490.1,6346.5,6330.1,6368.387,6406.1,6427.0,6389.1,6491.7,6470.2
Volume,8881.723,12537.277,11238.917,4647.712,4419.7793,6072.6636,8864.253,8522.941,8712.498,7424.5767,6970.884,6843.479,19574.11,10740.016,9959.017,9158.808,8076.8257,11439.563,8995.178,4814.6636
Open,4241.3574,4172.946,3903.0,3982.2,3771.4,3531.0,3460.1,3506.0,3642.1,3523.2,3435.2,3535.7,3354.3,3281.7,3282.3,3300.1,3623.9,3780.7,3810.0,4214.5
High,4369.8,4189.8,4135.9,4000.771,3922.7,3630.0,3800.1,3789.0,3709.7,3551.5,3617.4,3547.1,3395.2,3324.2,3383.0,3744.8,3799.9,4043.0,4299.0,4300.0
Low,4113.0,3830.1,3785.5,3750.0,3503.0,3277.6,3316.1,3465.4,3475.8,3381.8,3415.0,3317.0,3224.0,3215.2,3276.2,3280.0,3546.9,3756.0,3780.1,3902.0
Close,4173.0,3901.2,3981.9,3772.9,3531.0,3460.0,3506.0,3642.3,3523.0,3435.2815,3535.6,3354.3,3281.7,3283.4,3301.5,3625.0,3780.8,3810.0,4214.5,3976.0
Volume,24479.404,36855.836,33692.11,28429.762,58288.297,74094.336,39086.816,25081.113,22610.48,24048.15,20930.781,22248.787,28559.127,17889.938,19106.502,35727.824,29430.998,55272.477,65871.47,43526.824
Open,4140.7,3909.6,3930.0,3714.1,4036.8,3893.9,3978.5,3832.6287,3963.0,4049.0,3923.2,3954.9,3911.8,4169.2,4113.9,4100.0,4083.3,3712.8,3715.4,3702.0
High,4155.0,3990.0,3968.8,4095.0,4099.7,4003.8,3986.9,3987.0,4083.4707,4056.6443,3986.0,4014.9,4218.0,4197.0,4215.8,4168.9,4143.3,3777.8,3734.0,3729.0
Low,3812.1,3812.1,3686.0,3696.3,3859.3,3838.9,3771.0,3788.1,3917.9,3875.1,3850.1,3901.0,3887.5,4044.9,4056.0,4010.0,3687.2,3666.6,3666.6,3570.0
Close,3909.7,3930.0,3712.0,4036.7,3894.0,3977.3,3830.5,3963.1,4048.8,3924.3,3954.9,3911.9,4168.4,4113.9,4100.0,4083.3,3712.8,3714.8,3702.0,3591.0
Volume,33727.406,19130.775,23614.324,26917.867,18707.064,17733.65,15793.289,13848.347,19437.729,10520.204,13228.66,14873.962,25179.732,11253.197,18726.53,20629.098,35020.07,13129.896,9295.714,12589.809
Open,3675.4,3722.5,3675.7,3762.9,3586.1,3579.4,3639.1,3621.3,3652.8,3628.9,3631.2,3597.1,3501.1,3478.0,3529.7,3503.8,3534.9,3564.3,3501.7388,3490.4688
High,3725.0,3723.9,3882.0,3796.9,3620.1,3682.1414,3677.0,3671.4,3663.5,3750.0,3645.7,3597.9,3517.5,3550.0,3574.8098,3559.0,3581.0,3566.8,3522.7,3517.5
Low,3606.2,3652.3884,3673.9,3543.0,3548.3,3462.0,3591.2,3589.452,3580.0,3622.9,3541.0,3445.3,3422.0,3451.2,3482.0,3460.0,3498.7598,3470.1,3475.3,3475.1
Close,3722.5,3675.7,3762.3,3586.1,3579.4,3639.1,3622.3,3652.705,3628.9,3631.2,3597.1,3501.886,3477.9,3529.6,3503.8,3534.7705,3564.2,3501.7388,3490.4688,3513.0
Volume,10869.946,5656.109,13391.468,20626.512,10813.621,18083.7,7971.4795,7867.69,7377.578,13005.571,11448.51,17023.738,10466.258,12580.21,8572.286,10041.099,10889.807,7874.5483,5213.2163,4590.399
